Date	Capital	Daily_Return_%	Trades
4/2/2018	99.44696686	-0.553033135	10
4/3/2018	100.7955621	1.35609489	10
4/4/2018	101.5295068	0.728151821	10
4/5/2018	102.337323	0.795646671	8
4/6/2018	103.4591621	1.096217034	10
4/9/2018	105.3554129	1.832849506	6
4/10/2018	104.5487123	-0.765694506	6
4/11/2018	103.8993267	-0.621132098	10
4/12/2018	104.7453409	0.814263454	10
4/13/2018	103.6139999	-1.080087141	10
4/16/2018	105.1481447	1.48063464	10
4/17/2018	105.348072	0.190138679	10
4/18/2018	107.4879375	2.031233651	10
4/19/2018	107.5380753	0.046645093	10
4/20/2018	107.8822619	0.320060153	10
4/23/2018	105.9721905	-1.770514808	10
4/24/2018	105.8469754	-0.118158436	10
4/25/2018	106.1498467	0.286140751	10
4/26/2018	106.4280427	0.262078564	10
4/27/2018	106.9797789	0.518412456	10
4/30/2018	110.4165542	3.212546664	10
5/2/2018	113.5210031	2.811579152	10
5/3/2018	113.4216182	-0.087547594	10
5/4/2018	115.0650452	1.44895399	10
5/7/2018	114.2444413	-0.713165221	6
5/8/2018	114.1610168	-0.073022871	10
5/9/2018	114.2479897	0.076184408	10
5/10/2018	114.7022991	0.397652045	10
5/11/2018	115.4726242	0.671586423	10
5/14/2018	116.4900246	0.88107499	10
5/15/2018	117.9258735	1.232593848	10
5/16/2018	119.1930786	1.074577648	10
5/17/2018	119.4786978	0.239627334	7
5/18/2018	118.866548	-0.512350519	10
5/21/2018	117.4183575	-1.218333129	10
5/22/2018	117.1647928	-0.215949827	7
5/23/2018	119.6524589	2.123219896	10
5/24/2018	121.1030251	1.212316179	10
5/25/2018	121.1681213	0.053752808	10
5/28/2018	118.784293	-1.967372557	10
5/29/2018	118.610197	-0.146564798	10
5/30/2018	118.8782832	0.226022838	10
5/31/2018	116.7442337	-1.795154992	10
6/1/2018	117.8259404	0.926561131	10
6/4/2018	118.5346198	0.601462942	10
6/5/2018	118.7087595	0.146910454	10
6/6/2018	119.7972439	0.916936892	8
6/7/2018	118.2671604	-1.277227699	6
6/8/2018	118.3775058	0.093301849	10
6/11/2018	117.8042615	-0.484251071	8
6/12/2018	118.3343046	0.449935427	9
6/13/2018	118.3721951	0.03201988	8
6/14/2018	118.3836639	0.009688798	9
6/15/2018	119.624943	1.04852226	10
6/18/2018	119.4152216	-0.175315747	10
6/19/2018	119.8430424	0.358263231	10
6/20/2018	120.318035	0.396345498	10
6/21/2018	119.8845471	-0.360285015	10
6/22/2018	120.9794432	0.913292093	10
6/25/2018	121.4644977	0.400939604	10
6/26/2018	123.3024103	1.513127416	10
6/27/2018	124.5111583	0.98031176	10
6/28/2018	126.1146522	1.28783142	10
6/29/2018	123.9312879	-1.731253436	5
7/2/2018	124.6928279	0.614485702	10
7/3/2018	125.9703395	1.024526851	10
7/4/2018	127.5230773	1.232621814	10
7/5/2018	128.9226768	1.097526446	10
7/6/2018	128.8194044	-0.080104181	10
7/9/2018	129.3114279	0.381948259	8
7/10/2018	129.2910702	-0.015743084	10
7/11/2018	129.7626092	0.364711132	10
7/12/2018	131.3530475	1.225652229	10
7/13/2018	132.7406119	1.056362534	10
7/16/2018	134.3928281	1.244695386	10
7/17/2018	134.8394548	0.332329257	8
7/18/2018	135.6826765	0.625352359	9
7/19/2018	136.2447852	0.414281812	10
7/20/2018	134.8591837	-1.016994127	10
7/23/2018	133.3511012	-1.118264606	10
7/24/2018	133.3725076	0.01605264	10
7/25/2018	134.661186	0.966224906	10
7/26/2018	134.3612037	-0.22276819	10
7/27/2018	137.0893892	2.030486074	10
7/30/2018	135.3806635	-1.246431779	10
7/31/2018	134.7428463	-0.471128715	10
8/1/2018	133.5161146	-0.910424395	10
8/2/2018	136.6072764	2.315197601	10
8/3/2018	135.077391	-1.119915032	10
8/6/2018	136.1977401	0.829412753	10
8/7/2018	135.8519488	-0.253889161	10
8/8/2018	135.3967952	-0.335036494	10
8/9/2018	135.2356137	-0.119043863	10
8/10/2018	136.4020824	0.862545533	10
8/13/2018	139.5866601	2.334698734	10
8/14/2018	141.2556366	1.195656178	10
8/16/2018	138.9350476	-1.642829287	10
8/17/2018	138.9128669	-0.015964848	10
8/20/2018	140.1128569	0.86384369	10
8/21/2018	141.8431746	1.23494567	10
8/23/2018	144.1518261	1.627608469	10
8/24/2018	144.2374477	0.059396838	10
8/27/2018	145.0795274	0.583814878	10
8/28/2018	145.20657	0.08756753	10
8/29/2018	143.2226522	-1.366272737	10
8/30/2018	143.1711422	-0.035964972	10
8/31/2018	144.842525	1.167401985	10
9/3/2018	145.6542806	0.560440113	10
9/4/2018	145.9583854	0.208785351	10
9/5/2018	143.2434317	-1.860087469	10
9/6/2018	142.4991833	-0.519568986	10
9/7/2018	142.6908475	0.134501971	10
9/10/2018	142.5119543	-0.125371178	10
9/11/2018	144.3970579	1.322768734	10
9/12/2018	142.3676545	-1.405432634	10
9/14/2018	143.1650809	0.560117702	8
9/17/2018	145.5469399	1.663715017	10
9/18/2018	145.732871	0.127746519	10
9/19/2018	145.7487976	0.010928591	10
9/21/2018	148.2562132	1.720367982	10
9/24/2018	150.3475462	1.410620782	10
9/25/2018	156.836459	4.315941929	10
9/26/2018	155.9222552	-0.5829026	6
9/27/2018	158.6343532	1.739391204	10
9/28/2018	164.9454542	3.97839489	10
10/1/2018	164.8577748	-0.053156583	10
10/3/2018	163.9215876	-0.567875648	7
10/4/2018	165.6883119	1.077786223	10
10/5/2018	166.8465881	0.699069325	10
10/8/2018	168.5794866	1.038617913	9
10/9/2018	167.8178999	-0.451767156	7
10/10/2018	163.4379797	-2.609924318	5
10/11/2018	168.454353	3.069282479	6
10/12/2018	162.9234053	-3.283350984	5
10/15/2018	163.5939238	0.41155442	10
10/16/2018	161.2653927	-1.423360373	10
10/17/2018	161.9208184	0.406426766	10
10/19/2018	162.4414899	0.321559299	7
10/22/2018	165.3935864	1.817329157	10
10/23/2018	168.4564524	1.851865022	10
10/24/2018	170.4147385	1.162488027	8
10/25/2018	172.8796858	1.446440219	10
10/26/2018	172.5754785	-0.175964771	10
10/29/2018	174.7907442	1.283650344	9
10/30/2018	176.447634	0.947927624	10
10/31/2018	176.9483788	0.283792309	10
11/1/2018	175.9795182	-0.54753852	10
11/2/2018	177.5646299	0.900736467	10
11/5/2018	177.1738455	-0.220080133	9
11/6/2018	178.3215715	0.647796554	10
11/7/2018	179.7476856	0.799742905	10
11/9/2018	178.950642	-0.443423591	8
11/12/2018	178.5505107	-0.2235987	8
11/13/2018	177.6498283	-0.504441221	10
11/14/2018	178.0189543	0.207782939	10
11/15/2018	177.5259636	-0.276931578	10
11/16/2018	180.7366316	1.80856249	10
11/19/2018	178.8854608	-1.02423664	10
11/20/2018	179.3130651	0.239038035	10
11/21/2018	178.9038249	-0.228226666	10
11/22/2018	178.4361119	-0.261432639	10
11/26/2018	181.56289	1.752323593	10
11/27/2018	182.4836077	0.507106777	10
11/28/2018	185.2223412	1.500810675	10
11/29/2018	186.6499768	0.770768591	10
11/30/2018	187.1891191	0.288852072	10
12/3/2018	187.9002203	0.379883835	10
12/4/2018	189.8153991	1.019253049	10
12/5/2018	189.5986009	-0.114215289	10
12/6/2018	189.1322149	-0.245985964	10
12/7/2018	187.1794138	-1.032505822	10
12/10/2018	188.8689347	0.902621105	10
12/11/2018	189.1593327	0.153756366	6
12/12/2018	190.7036486	0.816410137	7
12/13/2018	192.4811157	0.932057203	10
12/14/2018	196.1245077	1.892856815	10
12/17/2018	195.6892297	-0.221939586	9
12/18/2018	199.2117718	1.800069465	7
12/19/2018	197.2118832	-1.003900838	10
12/20/2018	198.8178632	0.814342436	10
12/21/2018	198.7159604	-0.051254334	7
12/24/2018	199.6588654	0.474498851	10
12/26/2018	200.1232948	0.23261145	10
12/27/2018	199.3340006	-0.394403949	10
12/28/2018	201.5378131	1.105587834	10
12/31/2018	203.6929056	1.069324177	10
1/1/2019	203.4844147	-0.102355532	10
1/2/2019	203.6187935	0.066038863	9
1/3/2019	203.3739059	-0.120267641	10
1/4/2019	202.9229981	-0.221713699	10
1/7/2019	200.2150991	-1.334446578	7
1/8/2019	201.4673905	0.625472996	8
1/9/2019	204.7821537	1.64531004	7
1/10/2019	206.4157876	0.797742322	10
1/11/2019	206.5003234	0.040954135	10
1/14/2019	207.1781737	0.328256264	10
1/15/2019	209.1243614	0.939378751	10
1/16/2019	210.5602196	0.686604957	10
1/17/2019	212.8882445	1.105633758	10
1/18/2019	215.6718801	1.307557206	10
1/21/2019	216.4883329	0.378562461	10
1/22/2019	217.4006569	0.421419518	10
1/23/2019	213.4456342	-1.819232202	10
1/24/2019	211.7575303	-0.790882369	10
1/25/2019	215.644936	1.835781578	10
1/28/2019	214.5665947	-0.500054088	10
1/29/2019	209.3274984	-2.4417111	10
1/30/2019	208.5547302	-0.369167064	9
1/31/2019	210.2771347	0.825876513	10
2/1/2019	212.3250033	0.973890308	10
2/4/2019	212.0241885	-0.141676584	10
2/5/2019	215.5026176	1.640581233	10
2/6/2019	211.8130538	-1.712073769	10
2/7/2019	214.9593537	1.48541362	10
2/8/2019	214.7663246	-0.089797976	10
2/11/2019	216.1212735	0.630894489	10
2/12/2019	212.0452035	-1.886010522	10
2/14/2019	211.4075844	-0.300699613	10
2/15/2019	215.4214187	1.898623609	10
2/18/2019	216.3638897	0.437501065	10
2/19/2019	216.1041091	-0.120066547	10
2/20/2019	208.9160263	-3.326212915	10
2/21/2019	212.7120222	1.816996005	10
2/22/2019	213.9519231	0.582901221	10
2/25/2019	214.4124628	0.215253797	10
2/26/2019	215.2101616	0.372039405	9
2/27/2019	217.3387472	0.989072976	10
2/28/2019	214.6098532	-1.255594783	10
3/1/2019	216.9749402	1.102040278	10
3/5/2019	221.3022132	1.994365334	10
3/6/2019	225.8466543	2.053500056	10
3/7/2019	227.929825	0.922382828	8
3/8/2019	239.431141	5.045989887	7
3/11/2019	239.027971	-0.168386622	10
3/12/2019	240.6728255	0.68814311	10
3/13/2019	242.5292649	0.771353994	8
3/14/2019	240.3974712	-0.8789841	10
3/15/2019	240.5104606	0.047001061	10
3/18/2019	241.8306581	0.548914799	10
3/19/2019	242.6402348	0.33477009	10
3/20/2019	240.7027774	-0.798489773	10
3/22/2019	242.0910025	0.576738294	10
3/25/2019	244.9354306	1.174941684	10
3/26/2019	247.7025288	1.129725599	10
3/27/2019	250.6810498	1.202458843	10
3/28/2019	251.7825981	0.439422247	10
4/1/2019	251.2077156	-0.22832493	10
4/2/2019	252.6776144	0.585132792	10
4/3/2019	252.2170449	-0.182275544	10
4/4/2019	253.4777223	0.499838307	10
4/5/2019	258.590371	2.017001214	9
4/8/2019	257.99664	-0.229602902	10
4/9/2019	255.0814738	-1.129924105	10
4/10/2019	252.9822525	-0.822961084	10
4/11/2019	254.2071304	0.484175421	10
4/12/2019	254.4335514	0.089069482	8
4/15/2019	252.0814424	-0.92444924	10
4/16/2019	254.6078402	1.002214915	10
4/18/2019	249.2826413	-2.091529801	10
4/22/2019	246.4711351	-1.127838743	10
4/23/2019	245.7153544	-0.306640665	10
4/24/2019	250.1595499	1.808676372	10
4/25/2019	249.750229	-0.163623961	10
4/26/2019	255.2656207	2.208363036	10
4/30/2019	254.2325669	-0.404697571	10
5/2/2019	258.4113451	1.643683284	10
5/3/2019	251.2283244	-2.779684763	10
5/6/2019	249.252535	-0.786451665	10
5/7/2019	250.9523059	0.68194727	10
5/8/2019	252.5882749	0.651904379	10
5/9/2019	253.4158411	0.327634413	10
5/10/2019	253.2550342	-0.063455735	8
5/13/2019	256.6799311	1.352350981	10
5/14/2019	256.5526417	-0.049590713	10
5/15/2019	260.7451935	1.634187713	10
5/16/2019	266.8123542	2.326854302	9
5/17/2019	269.6886565	1.078024404	10
5/20/2019	275.1656268	2.030849354	10
5/21/2019	275.7052321	0.196101987	10
5/22/2019	276.7375347	0.374422572	10
5/23/2019	284.139034	2.674555624	10
5/24/2019	287.2568217	1.097275401	10
5/27/2019	283.8790896	-1.175857949	10
5/28/2019	287.6769783	1.337854357	10
5/29/2019	287.1026068	-0.1996585	10
5/30/2019	289.7989835	0.939168312	10
5/31/2019	285.70518	-1.412635565	10
6/3/2019	288.217034	0.879176906	10
6/4/2019	291.7713666	1.233213924	10
6/6/2019	294.4398353	0.914575278	10
6/7/2019	297.015904	0.874904929	10
6/10/2019	305.4873217	2.852176457	9
6/11/2019	311.5176672	1.97400844	8
6/12/2019	315.5825815	1.304874421	10
6/13/2019	321.8413418	1.983240103	10
6/14/2019	324.0545741	0.687678045	10
6/17/2019	327.3566724	1.018994494	10
6/18/2019	336.1734179	2.693314738	7
6/19/2019	349.9499192	4.098034098	9
6/20/2019	351.2255588	0.364520635	10
6/21/2019	352.8094062	0.45094879	10
6/24/2019	349.420799	-0.960463984	10
6/25/2019	351.6568154	0.639920828	10
6/26/2019	353.7971209	0.608634711	10
6/27/2019	359.2737537	1.547958564	10
6/28/2019	360.6396736	0.380189171	10
7/1/2019	362.7248779	0.578196026	10
7/2/2019	364.2608335	0.423449202	10
7/3/2019	363.8642412	-0.108875886	10
7/4/2019	364.7952371	0.255863532	10
7/5/2019	364.7798267	-0.004224409	10
7/8/2019	367.5969756	0.772287462	9
7/9/2019	372.1226798	1.231159276	10
7/10/2019	374.316109	0.589437115	10
7/11/2019	386.5599606	3.270992436	8
7/12/2019	392.80791	1.616295018	9
7/15/2019	397.2172653	1.122522011	10
7/16/2019	397.708708	0.123721385	10
7/17/2019	400.9302296	0.8100204	10
7/18/2019	411.1199896	2.541529468	10
7/19/2019	418.7846996	1.864348667	10
7/22/2019	426.54644	1.85339636	10
7/23/2019	434.2419614	1.804146211	10
7/24/2019	426.4557043	-1.793068794	10
7/25/2019	440.5026189	3.293874241	10
7/26/2019	448.7654458	1.875772467	10
7/29/2019	452.9971219	0.942959449	10
7/30/2019	449.9547523	-0.671609053	10
7/31/2019	455.9220702	1.326203993	10
8/1/2019	465.4793274	2.096247985	10
8/2/2019	473.842396	1.796657368	10
8/5/2019	480.7088005	1.449090359	10
8/6/2019	486.7602065	1.258850685	10
8/7/2019	484.8774714	-0.386789034	10
8/8/2019	488.8407626	0.81737995	10
8/9/2019	494.5610451	1.170172979	10
8/13/2019	506.2786179	2.369287445	10
8/14/2019	514.1728772	1.559271719	10
8/16/2019	523.4078245	1.796078271	10
8/19/2019	533.4712928	1.922682055	10
8/20/2019	535.5755763	0.394451106	10
8/21/2019	540.8730825	0.989123948	10
8/22/2019	544.8557682	0.736343841	10
8/23/2019	553.9738215	1.673480184	10
8/26/2019	556.0782041	0.379870406	8
8/27/2019	569.7197878	2.453177202	10
8/28/2019	573.0966049	0.592715432	10
8/29/2019	594.8770058	3.800476339	10
8/30/2019	605.9140876	1.855355259	10
9/3/2019	604.4308731	-0.244789571	10
9/4/2019	603.9493516	-0.079665269	10
9/5/2019	605.4491408	0.248330289	9
9/6/2019	595.0461134	-1.718233082	10
9/9/2019	598.4388823	0.570169084	10
9/11/2019	599.3749985	0.156426368	10
9/12/2019	596.4358454	-0.490369657	10
9/13/2019	606.2506936	1.645583226	10
9/16/2019	597.3780965	-1.463519511	9
9/17/2019	594.3673295	-0.503996884	10
9/18/2019	597.9777699	0.607442617	10
9/19/2019	606.3160006	1.394404794	10
9/20/2019	619.3938209	2.156931419	10
9/23/2019	637.8873444	2.985745548	10
9/24/2019	639.5149096	0.255149327	10
9/25/2019	636.3824466	-0.489818602	10
9/26/2019	637.4193914	0.162943642	10
9/27/2019	648.8424232	1.792074727	10
9/30/2019	642.6511163	-0.954208088	10
10/1/2019	643.9584698	0.203431288	10
10/3/2019	647.9290223	0.616585185	10
10/4/2019	652.2349238	0.664563765	6
10/7/2019	643.9543035	-1.269576347	10
10/9/2019	656.7709346	1.990301344	10
10/10/2019	673.6362432	2.567913361	10
10/11/2019	686.0278221	1.839505972	10
10/14/2019	701.6413451	2.275931443	10
10/15/2019	733.5442151	4.546891407	10
10/16/2019	725.5757447	-1.086297211	10
10/17/2019	721.5582362	-0.553699399	10
10/18/2019	710.456974	-1.538512301	10
10/22/2019	715.1375607	0.658813537	10
10/23/2019	706.740517	-1.174185802	10
10/24/2019	720.3367255	1.923790724	10
10/25/2019	721.6547311	0.182970762	10
10/27/2019	725.6402168	0.55227043	8
10/29/2019	728.5384178	0.399399172	10
10/30/2019	726.714663	-0.25033063	10
10/31/2019	754.7228268	3.85407991	10
11/1/2019	757.221294	0.331044342	10
11/4/2019	764.5631546	0.969579255	10
11/5/2019	767.719099	0.412777464	10
11/6/2019	778.702773	1.430689172	10
11/7/2019	800.5831791	2.809853366	10
11/8/2019	800.675445	0.011524829	10
11/11/2019	804.5916811	0.489116554	10
11/13/2019	818.9022459	1.778612075	10
11/14/2019	823.333224	0.541087548	10
11/15/2019	813.7549489	-1.163353406	10
11/18/2019	811.5507658	-0.270865705	10
11/19/2019	806.1892319	-0.66065293	10
11/20/2019	795.3123077	-1.349177556	10
11/21/2019	820.0308387	3.108028218	10
11/22/2019	827.8802192	0.957205527	10
11/25/2019	824.7958456	-0.372562778	10
11/26/2019	819.1177782	-0.688420951	10
11/27/2019	825.4638439	0.774743977	10
11/28/2019	815.1903728	-1.244569481	10
11/29/2019	828.130369	1.587358813	10
12/2/2019	831.0298062	0.350118448	10
12/3/2019	845.5127101	1.74276588	10
12/4/2019	851.3964829	0.695882244	10
12/5/2019	858.3617516	0.818099299	10
12/6/2019	859.4588502	0.127813081	10
12/9/2019	863.5952403	0.481278434	10
12/10/2019	873.8505824	1.187517214	10
12/11/2019	887.7208068	1.587253543	10
12/12/2019	897.3240959	1.081791604	9
12/13/2019	917.404731	2.237835267	10
12/16/2019	924.2805622	0.749487216	10
12/17/2019	927.0484409	0.299463047	10
12/18/2019	932.7948179	0.619857254	10
12/19/2019	937.4287563	0.496780031	10
12/20/2019	932.8074635	-0.492975364	10
12/23/2019	939.5470912	0.722510059	10
12/24/2019	945.0422265	0.584870662	10
12/26/2019	946.6647319	0.171686014	10
12/27/2019	943.707625	-0.312371085	10
12/30/2019	949.591814	0.623518225	10
12/31/2019	944.7196164	-0.513083367	10
1/1/2020	932.5179092	-1.291569152	10
1/2/2020	951.0436402	1.986635412	10
1/3/2020	948.1303689	-0.30632362	10
1/6/2020	944.823526	-0.348775129	9
1/7/2020	955.4506983	1.124778549	8
1/8/2020	967.4301251	1.253798525	10
1/9/2020	983.4976243	1.660843376	8
1/10/2020	984.5257109	0.104533716	10
1/13/2020	978.951823	-0.566149549	9
1/14/2020	977.9402583	-0.10333141	10
1/15/2020	987.2231309	0.949226959	10
1/16/2020	1007.514219	2.055370032	10
1/17/2020	1003.950159	-0.353747882	9
1/20/2020	1001.286608	-0.265307078	10
1/21/2020	995.1463475	-0.613237074	10
1/22/2020	992.6605448	-0.249792681	10
1/23/2020	1010.888962	1.836319322	10
1/24/2020	1029.049771	1.796518632	10
1/27/2020	1021.013643	-0.780927005	10
1/28/2020	1029.911118	0.871435426	10
1/29/2020	1030.567038	0.06368705	10
1/30/2020	1046.804537	1.57558884	10
1/31/2020	1045.583547	-0.116639756	10
2/3/2020	1048.573237	0.285935077	10
2/4/2020	1042.44463	-0.584471035	10
2/5/2020	1021.313047	-2.027118051	10
2/6/2020	1021.903598	0.057822779	10
2/7/2020	1002.095401	-1.938362656	10
2/10/2020	1025.989027	2.384366402	10
2/11/2020	1031.25301	0.513064284	10
2/12/2020	1032.232846	0.095014164	10
2/13/2020	1052.6813	1.980992387	10
2/14/2020	1069.794922	1.625717276	10
2/17/2020	1082.64647	1.201309508	10
2/18/2020	1096.733332	1.301150657	10
2/19/2020	1021.924896	-6.821023268	6
2/20/2020	1046.708257	2.425164608	10
2/24/2020	1047.643206	0.08932274	10
2/25/2020	1051.28256	0.347384869	10
2/26/2020	1065.866009	1.38720554	10
2/27/2020	1049.714694	-1.515323289	10
2/28/2020	1066.043073	1.555506383	10
3/2/2020	1131.878813	6.175711138	7
3/3/2020	1131.057534	-0.072558927	5
3/4/2020	1145.004079	1.233053554	10
3/5/2020	1151.875885	0.600155515	9
3/6/2020	1157.14065	0.4570601	8
3/9/2020	1167.727235	0.914891803	10
3/11/2020	1185.402226	1.51362332	9
3/12/2020	1116.425237	-5.8188679	5
3/13/2020	1155.30443	3.482471725	9
3/16/2020	1199.272292	3.805738244	10
3/17/2020	1207.357787	0.674200077	6
3/18/2020	1244.108682	3.043910855	7
3/19/2020	1284.151088	3.218561707	7
3/20/2020	1322.737781	3.004840616	5
3/23/2020	1418.982552	7.276179181	6
3/24/2020	1431.706155	0.896670886	5
3/25/2020	1415.03313	-1.164556418	6
3/26/2020	1428.652844	0.962501464	6
3/27/2020	1481.18161	3.676804065	5
3/30/2020	1492.022568	0.731912806	10
3/31/2020	1495.799424	0.253136636	9
4/1/2020	1500.35015	0.304233703	10
4/3/2020	1546.402176	3.069418612	10
4/7/2020	1521.880581	-1.585719132	9
4/8/2020	1513.066896	-0.579131157	10
4/9/2020	1531.745017	1.234454383	10
4/13/2020	1574.269	2.776178959	8
4/15/2020	1602.436815	1.789263166	10
4/16/2020	1667.869451	4.083320767	10
4/17/2020	1665.92413	-0.116635087	7
4/20/2020	1678.581602	0.759786859	10
4/21/2020	1664.692777	-0.827414347	6
4/22/2020	1681.228153	0.993298928	10
4/23/2020	1705.326222	1.433361038	10
4/24/2020	1721.412096	0.943272541	9
4/27/2020	1731.32486	0.5758507	8
4/28/2020	1769.612431	2.211460853	10
4/29/2020	1773.760601	0.234411183	10
4/30/2020	1826.205814	2.956724458	9
5/4/2020	1822.979695	-0.176656927	7
5/5/2020	1848.957282	1.425006905	9
5/6/2020	1863.580566	0.790893581	10
5/7/2020	1873.313699	0.52228132	10
5/8/2020	1855.91443	-0.928796321	8
5/11/2020	1891.130423	1.897500871	10
5/12/2020	1923.438624	1.708406819	10
5/13/2020	1940.487849	0.886392967	5
5/14/2020	1932.73842	-0.399354669	10
5/15/2020	1956.785833	1.244214589	10
5/18/2020	1992.962481	1.848779132	10
5/19/2020	2028.88517	1.80247689	10
5/20/2020	2075.717581	2.308282982	10
5/21/2020	2060.023723	-0.756069046	10
5/22/2020	2156.662134	4.691130986	10
5/26/2020	2179.165055	1.043414315	10
5/27/2020	2175.666965	-0.160524317	10
5/28/2020	2178.520102	0.131138466	10
5/29/2020	2207.559495	1.332987188	10
6/1/2020	2222.246638	0.665311274	10
6/2/2020	2225.044429	0.125899228	10
6/3/2020	2239.323523	0.641744201	7
6/4/2020	2223.993309	-0.684591276	7
6/5/2020	2258.052396	1.531438377	8
6/8/2020	2173.399904	-3.748916204	10
6/9/2020	2182.53841	0.420470519	5
6/10/2020	2217.127304	1.584801151	7
6/11/2020	2179.580423	-1.693492313	10
6/12/2020	2338.86317	7.307954556	6
6/15/2020	2316.906757	-0.938764317	10
6/16/2020	2311.441651	-0.235879409	10
6/17/2020	2343.966351	1.407117484	10
6/18/2020	2347.308084	0.14256744	10
6/19/2020	2315.543773	-1.353222925	10
6/22/2020	2295.419052	-0.869114236	10
6/23/2020	2332.109896	1.598437742	10
6/24/2020	2327.597423	-0.193493176	8
6/25/2020	2355.701698	1.207437116	10
6/26/2020	2388.75036	1.402922202	10
6/29/2020	2431.545323	1.791520948	10
6/30/2020	2426.580225	-0.204195167	10
7/1/2020	2408.449001	-0.747192453	10
7/2/2020	2431.988888	0.977387825	10
7/3/2020	2425.120227	-0.282429811	10
7/6/2020	2418.479847	-0.273816528	10
7/7/2020	2446.835652	1.172464	10
7/8/2020	2451.685929	0.198226516	10
7/9/2020	2441.519712	-0.414662298	10
7/10/2020	2464.094931	0.924637972	10
7/13/2020	2482.604938	0.75118891	10
7/14/2020	2489.509566	0.278120258	10
7/15/2020	2491.640052	0.085578577	10
7/16/2020	2500.401108	0.351618044	10
7/17/2020	2483.962456	-0.65744062	10
7/20/2020	2523.240297	1.581257454	10
7/21/2020	2476.888531	-1.836993737	10
7/22/2020	2507.352272	1.229919744	10
7/23/2020	2563.639494	2.244886859	10
7/24/2020	2543.267359	-0.794656775	10
7/27/2020	2529.132643	-0.555769959	10
7/28/2020	2567.211867	1.505623848	10
7/29/2020	2601.502314	1.335707697	10
7/30/2020	2614.311194	0.492364737	10
7/31/2020	2592.631205	-0.829281097	10
8/3/2020	2644.507808	2.000924888	10
8/4/2020	2665.239185	0.783940852	10
8/5/2020	2701.444004	1.358407868	10
8/6/2020	2692.253476	-0.340207984	10
8/7/2020	2710.10364	0.663019463	10
8/10/2020	2680.861697	-1.078997248	10
8/11/2020	2699.749787	0.704552937	10
8/12/2020	2722.03052	0.825288811	10
8/13/2020	2727.859005	0.214122691	10
8/14/2020	2736.533068	0.317980634	10
8/17/2020	2748.096722	0.42256583	10
8/18/2020	2737.296499	-0.393007384	10
8/19/2020	2723.654424	-0.498377666	10
8/20/2020	2762.356608	1.420965281	10
8/21/2020	2763.962371	0.058130202	10
8/24/2020	2771.161773	0.260473933	10
8/25/2020	2776.864051	0.205772121	10
8/26/2020	2761.233455	-0.562886621	10
8/27/2020	2750.311928	-0.395530717	10
8/28/2020	2770.92223	0.749380499	10
8/31/2020	2793.223183	0.804820606	10
9/1/2020	2803.178823	0.356421231	10
9/2/2020	2754.533353	-1.735368083	7
9/3/2020	2741.621321	-0.46875568	10
9/4/2020	2799.773461	2.121085764	10
9/7/2020	2825.003931	0.901161129	10
9/8/2020	2821.532748	-0.122873571	10
9/9/2020	2850.913462	1.041303328	10
9/10/2020	2833.310787	-0.61743983	5
9/11/2020	2839.42555	0.215816909	9
9/14/2020	2818.793165	-0.726639408	7
9/15/2020	2822.985747	0.14873676	10
9/16/2020	2791.377479	-1.119675099	10
9/17/2020	2789.421965	-0.070055506	10
9/18/2020	2809.574857	0.722475551	10
9/21/2020	2794.122472	-0.549990149	10
9/22/2020	2845.18396	1.82746062	10
9/23/2020	2871.011065	0.907748165	9
9/24/2020	2899.849968	1.00448597	10
9/25/2020	2808.135684	-3.16272516	5
9/28/2020	2819.705222	0.412000692	9
9/29/2020	2877.792459	2.060046429	10
9/30/2020	2915.133617	1.297562574	10
10/1/2020	2975.610563	2.074585742	10
10/5/2020	3010.321655	1.166519973	10
10/6/2020	3017.643967	0.24324021	8
10/7/2020	3015.237984	-0.079730513	10
10/8/2020	3043.711595	0.944323821	10
10/9/2020	3095.233122	1.692720416	10
10/12/2020	3104.233713	0.290788772	10
10/13/2020	3101.555032	-0.086291207	10
10/14/2020	3096.66151	-0.157776409	10
10/15/2020	3116.709491	0.647406265	10
10/16/2020	3082.012149	-1.1132684	10
10/19/2020	3090.15384	0.26416806	8
10/20/2020	3055.313813	-1.127452849	10
10/21/2020	3053.788973	-0.049907797	10
10/22/2020	3056.392213	0.085246242	10
10/23/2020	3025.234594	-1.019424758	10
10/26/2020	3083.043572	1.910892378	10
10/27/2020	3122.435522	1.277696826	10
10/28/2020	3114.519756	-0.253512532	10
10/29/2020	3119.453401	0.158407885	10
10/30/2020	3114.159723	-0.169698902	10
11/2/2020	3155.986269	1.343108552	10
11/3/2020	3132.655116	-0.739266609	10
11/4/2020	3130.413096	-0.071569327	10
11/5/2020	3111.183078	-0.614296498	8
11/6/2020	3154.992315	1.408121483	10
11/9/2020	3202.514217	1.506244629	10
11/10/2020	3184.074495	-0.575788913	10
11/11/2020	3155.057195	-0.911326059	10
11/12/2020	3154.665137	-0.012426323	10
11/13/2020	3155.115812	0.014285986	10
11/14/2020	3187.36726	1.022195364	10
11/17/2020	3155.475939	-1.000553694	10
11/18/2020	3188.666762	1.051848399	9
11/19/2020	3203.663704	0.470320123	10
11/20/2020	3240.290843	1.14328916	10
11/23/2020	3275.490228	1.086303257	10
11/24/2020	3319.450994	1.342112543	10
11/25/2020	3315.813899	-0.109569147	10
11/26/2020	3330.015338	0.428294213	10
11/27/2020	3311.573175	-0.553816179	10
12/1/2020	3340.994625	0.888443294	10
12/2/2020	3355.679721	0.439542656	10
12/3/2020	3394.419915	1.154466371	10
12/4/2020	3337.162127	-1.686820992	10
12/7/2020	3359.692791	0.67514443	10
12/8/2020	3379.162709	0.579514828	10
12/9/2020	3345.8942	-0.984519321	10
12/10/2020	3364.005279	0.541292662	10
12/11/2020	3379.186619	0.451287636	10
12/14/2020	3411.989264	0.970726037	9
12/15/2020	3386.822623	-0.737594373	10
12/16/2020	3367.298994	-0.576458551	10
12/17/2020	3359.429339	-0.233708236	10
12/18/2020	3357.779763	-0.04910286	10
12/21/2020	3429.252277	2.128564682	10
12/22/2020	3506.016475	2.238511242	10
12/23/2020	3500.674747	-0.152358904	7
12/24/2020	3561.153975	1.727644871	10
12/28/2020	3586.978193	0.725164332	8
12/29/2020	3577.747281	-0.257345097	10
12/30/2020	3583.144474	0.150854511	9
12/31/2020	3611.959102	0.804171531	9
1/1/2021	3626.89708	0.413569986	8
1/4/2021	3639.91667	0.358973235	6
1/5/2021	3686.063195	1.267790703	8
1/6/2021	3715.081516	0.787244267	7
1/7/2021	3702.055784	-0.350617678	7
1/8/2021	3704.810413	0.074408097	10
1/11/2021	3720.265348	0.417158586	10
1/12/2021	3722.836651	0.069116126	10
1/13/2021	3767.373856	1.19632446	10
1/14/2021	3829.007135	1.635974588	10
1/15/2021	3861.048867	0.83681566	10
1/18/2021	3875.096995	0.36384229	10
1/19/2021	3927.940413	1.363666954	8
1/20/2021	3917.810209	-0.257901142	10
1/21/2021	3924.392306	0.168004483	10
1/22/2021	3962.002699	0.958374945	10
1/25/2021	3958.510906	-0.088132009	7
1/27/2021	3961.245238	0.069074768	10
1/28/2021	4036.673306	1.904150404	10
1/29/2021	4130.417706	2.322318233	6
2/1/2021	4162.871054	0.785715898	10
2/2/2021	4163.126303	0.006131553	10
2/3/2021	4217.872696	1.315030804	10
2/4/2021	4200.574599	-0.410114255	10
2/5/2021	4200.591348	0.000398727	10
2/8/2021	4239.15677	0.918095064	10
2/9/2021	4232.251968	-0.162881494	10
2/10/2021	4240.115953	0.185810882	10
2/11/2021	4268.283079	0.664300862	10
2/12/2021	4287.543361	0.451241907	10
2/15/2021	4381.307225	2.186890164	10
2/16/2021	4319.179313	-1.418022266	10
2/17/2021	4371.866907	1.219851964	10
2/18/2021	4418.8351	1.074328058	10
2/19/2021	4478.484381	1.349887016	10
2/22/2021	4484.325932	0.130435886	10
2/23/2021	4617.558487	2.971072055	10
2/24/2021	4680.266846	1.358041481	10
2/25/2021	4751.057205	1.512528253	10
2/26/2021	4864.195315	2.381324953	8
3/1/2021	4763.397181	-2.072246856	8
3/2/2021	4836.607956	1.53694459	10
3/3/2021	4828.567696	-0.166237591	10
3/4/2021	4824.750506	-0.079054274	10
3/5/2021	4838.480456	0.284573244	10
3/8/2021	4906.08274	1.397180057	9
3/9/2021	4955.471929	1.006692956	10
3/10/2021	4940.745433	-0.297176451	9
3/12/2021	4974.969525	0.692690854	10
3/15/2021	4818.144457	-3.152281984	10
3/16/2021	4783.98766	-0.708920153	8
3/17/2021	4758.346502	-0.535978762	10
3/18/2021	4807.696047	1.037115408	10
3/19/2021	4929.466667	2.532826934	10
3/22/2021	4966.938518	0.760160341	10
3/23/2021	4901.365501	-1.320189819	6
3/24/2021	4984.039207	1.686748431	10
3/25/2021	4984.427964	0.00780005	10
3/26/2021	4882.948304	-2.035933938	6
3/30/2021	4856.548323	-0.540656564	9
3/31/2021	4861.793045	0.10799279	10
4/1/2021	4763.465663	-2.022451014	10
4/5/2021	4780.98617	0.367810091	10
4/6/2021	4762.575428	-0.385082519	10
4/7/2021	4780.228172	0.37065543	10
4/8/2021	4809.400547	0.610271585	10
4/9/2021	4813.260236	0.080253025	10
4/12/2021	4697.286961	-2.409453654	7
4/13/2021	4658.057321	-0.835155298	9
4/15/2021	4649.655012	-0.18038224	10
4/16/2021	4686.393326	0.790129887	10
4/19/2021	4830.204535	3.068696939	10
4/20/2021	4802.553313	-0.572464832	10
4/22/2021	4772.795806	-0.619618449	10
4/23/2021	4717.668808	-1.155025287	10
4/26/2021	4722.723135	0.10713612	9
4/27/2021	4803.003657	1.69987779	10
4/28/2021	4837.706333	0.722520305	10
4/29/2021	4918.163649	1.663129384	10
4/30/2021	4911.926779	-0.126812976	8
5/3/2021	4855.46544	-1.149474366	10
5/4/2021	4870.587954	0.311453434	10
5/5/2021	4894.820986	0.497538127	10
5/6/2021	4870.449344	-0.497906714	9
5/7/2021	4950.913667	1.65209239	10
5/10/2021	4932.309125	-0.375779966	9
5/11/2021	4973.361737	0.83232034	10
5/12/2021	5023.968064	1.017547675	10
5/14/2021	4991.128439	-0.653659115	10
5/17/2021	5111.957644	2.420879499	10
5/18/2021	5053.736867	-1.138913515	10
5/19/2021	5103.07458	0.976261999	10
5/20/2021	5034.839312	-1.337140316	10
5/21/2021	5065.106627	0.601157511	10
5/24/2021	5080.559244	0.305079805	10
5/25/2021	5153.868818	1.442942998	10
5/26/2021	5182.249368	0.550664958	10
5/27/2021	5183.490186	0.023943627	10
5/28/2021	5230.951878	0.915631945	10
5/31/2021	5314.698403	1.600980589	10
6/1/2021	5195.985853	-2.233664835	10
6/2/2021	5192.085785	-0.07505926	10
6/3/2021	5265.540948	1.414752489	9
6/4/2021	5266.031516	0.009316577	10
6/7/2021	5310.265977	0.839996129	10
6/8/2021	5286.507428	-0.447407882	10
6/9/2021	5250.216538	-0.686481406	10
6/10/2021	5250.688335	0.008986242	10
6/11/2021	5180.532173	-1.336132657	8
6/14/2021	5246.397189	1.27139479	10
6/15/2021	5160.12007	-1.644502244	10
6/16/2021	5178.69979	0.36006372	10
6/17/2021	5182.205347	0.067691837	10
6/18/2021	5193.626719	0.220395979	10
6/21/2021	5225.210117	0.608118354	10
6/22/2021	5267.934777	0.817663973	7
6/23/2021	5289.100973	0.401793046	10
6/24/2021	5301.589171	0.236111923	10
6/25/2021	5353.103397	0.971675186	10
6/28/2021	5198.983123	-2.879082705	10
6/29/2021	5294.984747	1.846546175	10
6/30/2021	5175.341324	-2.25956124	9
7/1/2021	5211.912509	0.706642951	10
7/2/2021	5206.852057	-0.097093953	10
7/5/2021	5077.852547	-2.477495202	9
7/6/2021	5071.131753	-0.132355041	10
7/7/2021	5066.651333	-0.088351493	10
7/8/2021	5005.774026	-1.201529432	10
7/9/2021	5048.179155	0.847124328	10
7/12/2021	5021.913153	-0.520306463	10
7/13/2021	4969.332284	-1.047028639	10
7/14/2021	5014.496732	0.908863506	10
7/15/2021	5031.321225	0.335517082	10
7/16/2021	5058.874151	0.547628048	10
7/19/2021	5105.364929	0.918994553	10
7/20/2021	5185.301067	1.565728192	10
7/22/2021	5174.688092	-0.204674218	9
7/23/2021	5096.524017	-1.510507946	10
7/26/2021	5111.592326	0.295658536	10
7/27/2021	5145.282281	0.659089241	10
7/28/2021	5146.298629	0.019753008	10
7/29/2021	5216.790225	1.369753314	10
7/30/2021	5189.501893	-0.523086631	10
8/2/2021	5243.584219	1.042148688	10
8/3/2021	5296.430773	1.007832657	10
8/4/2021	5317.721722	0.40198674	10
8/5/2021	5355.180026	0.704405118	10
8/6/2021	5344.886357	-0.192218908	10
8/9/2021	5474.56199	2.426162573	10
8/10/2021	5440.382074	-0.624340648	10
8/11/2021	5531.074365	1.667020626	10
8/12/2021	5630.857429	1.804044885	7
8/13/2021	5642.699942	0.210314551	10
8/16/2021	5676.570775	0.600259339	10
8/17/2021	5749.081257	1.27736417	10
8/18/2021	5814.646315	1.140444111	10
8/20/2021	5905.136496	1.556245667	10
8/23/2021	5994.366159	1.51105165	10
8/24/2021	5953.253339	-0.68585766	10
8/25/2021	5937.037904	-0.272379401	10
8/26/2021	5940.20071	0.05327247	10
8/27/2021	5952.859532	0.213104273	10
8/30/2021	6016.694346	1.072338653	10
8/31/2021	6018.314143	0.026921722	10
9/1/2021	6028.97862	0.177200405	10
9/2/2021	6074.393418	0.753275147	10
9/3/2021	6027.916064	-0.765135727	10
9/6/2021	6003.826379	-0.399635376	10
9/7/2021	6008.105499	0.071273217	10
9/8/2021	6034.339416	0.436642084	10
9/9/2021	6077.501076	0.715267356	10
9/13/2021	6076.553098	-0.015598154	10
9/14/2021	6093.720514	0.282518977	10
9/15/2021	6111.842665	0.297390597	10
9/16/2021	6001.642647	-1.803057181	10
9/17/2021	6149.832343	2.469152277	10
9/20/2021	6158.670623	0.143715785	10
9/21/2021	6226.102836	1.094915076	10
9/22/2021	6125.573452	-1.614643813	6
9/23/2021	6147.709981	0.361378879	6
9/24/2021	6240.830504	1.514718869	10
9/27/2021	6231.897775	-0.143133657	9
9/28/2021	6248.073874	0.25956939	10
9/29/2021	6252.713358	0.074254628	10
9/30/2021	6263.228844	0.168174765	10
10/1/2021	6328.556675	1.043037585	10
10/4/2021	6397.587767	1.090787292	8
10/5/2021	6379.15811	-0.288071966	10
10/6/2021	6333.572668	-0.714599651	10
10/7/2021	6393.053727	0.939139125	9
10/8/2021	6486.716975	1.465078368	10
10/11/2021	6492.62078	0.091013772	10
10/12/2021	6558.198635	1.010036727	10
10/13/2021	6689.950628	2.008966183	10
10/14/2021	6775.707219	1.281871806	10
10/18/2021	6830.989127	0.815883963	10
10/19/2021	6884.213899	0.779166392	10
10/20/2021	6916.917902	0.475057927	10
10/21/2021	6994.190039	1.117146934	10
10/22/2021	7023.508928	0.419189199	10
10/25/2021	7021.115434	-0.034078321	10
10/26/2021	7063.7354	0.607025572	10
10/27/2021	7117.26284	0.757778106	9
10/28/2021	7083.570776	-0.473385133	10
10/29/2021	7218.617661	1.906480352	10
11/1/2021	7263.732958	0.62498526	10
11/2/2021	7187.49856	-1.049520933	8
11/3/2021	7125.087908	-0.868322287	10
11/4/2021	7183.728292	0.82301278	7
11/8/2021	7150.826517	-0.458004165	10
11/9/2021	7188.339382	0.524594811	10
11/10/2021	7131.60403	-0.78926924	10
11/11/2021	7216.992888	1.197330328	10
11/12/2021	7173.343111	-0.604819457	10
11/15/2021	7170.687424	-0.037021609	10
11/16/2021	7234.184592	0.885510188	10
11/17/2021	7299.441286	0.902060124	10
11/18/2021	7371.3678	0.985370118	10
11/22/2021	7300.481044	-0.961649965	10
11/23/2021	7512.425231	2.903153719	10
11/24/2021	7482.363284	-0.400163004	7
11/25/2021	7699.138102	2.897143716	9
11/26/2021	7712.225382	0.169983703	10
11/29/2021	7920.073229	2.695043743	10
11/30/2021	8104.622648	2.330147882	10
12/1/2021	8128.480293	0.294370826	10
12/2/2021	8147.292569	0.231436574	9
12/3/2021	8122.687671	-0.302000916	10
12/6/2021	8144.335564	0.266511461	10
12/7/2021	8082.187138	-0.763087743	10
12/8/2021	8201.721173	1.478981285	7
12/9/2021	8277.266795	0.921094735	10
12/10/2021	8387.442758	1.331066954	10
12/13/2021	8363.652155	-0.283645488	10
12/14/2021	8259.846532	-1.241151841	10
12/15/2021	8246.644659	-0.159831949	10
12/16/2021	8192.987384	-0.650655829	10
12/17/2021	8282.797348	1.096180909	10
12/20/2021	8418.596234	1.63952926	10
12/21/2021	8507.735406	1.058836528	8
12/22/2021	8601.834977	1.106047219	7
12/23/2021	8680.676927	0.916571293	7
12/24/2021	8798.348377	1.355556145	10
12/27/2021	8844.503621	0.524589868	10
12/28/2021	8875.698943	0.352708565	7
12/29/2021	8845.352994	-0.341899251	10
12/30/2021	8962.645537	1.326035748	10
12/31/2021	8979.586499	0.189017425	10
1/3/2022	8973.901355	-0.063311866	10
1/4/2022	8915.777678	-0.647696863	10
1/5/2022	8899.518707	-0.182361776	10
1/6/2022	8950.885473	0.577185887	8
1/7/2022	8971.960254	0.235449122	10
1/10/2022	8993.030551	0.234846081	10
1/11/2022	9061.028681	0.756120303	10
1/12/2022	9068.81034	0.085880524	10
1/13/2022	9081.936338	0.14473781	10
1/14/2022	9179.960232	1.079328141	10
1/17/2022	9251.995824	0.784704835	10
1/18/2022	9310.991735	0.637656045	10
1/19/2022	9483.575378	1.853547377	10
1/20/2022	9506.217232	0.238748085	10
1/21/2022	9495.244866	-0.115423054	10
1/24/2022	9596.043306	1.061567561	10
1/25/2022	9794.967007	2.07297628	10
1/27/2022	9917.256622	1.248494402	10
1/28/2022	9911.523076	-0.057813831	10
1/31/2022	9984.729785	0.738602014	9
2/1/2022	10044.12591	0.594869599	9
2/2/2022	10105.50061	0.611050724	8
2/3/2022	10080.68927	-0.245523094	10
2/4/2022	10128.61532	0.475424271	10
2/7/2022	10103.40892	-0.248863247	10
2/8/2022	10151.38086	0.474809536	10
2/9/2022	9977.224059	-1.7155972	10
2/10/2022	10003.333	0.26168546	10
2/11/2022	10018.10515	0.147672237	10
2/14/2022	10145.53336	1.271979121	10
2/15/2022	10189.70706	0.435400486	10
2/16/2022	10475.28278	2.802590083	6
2/17/2022	10483.87888	0.082060806	10
2/18/2022	10387.15902	-0.922557921	10
2/21/2022	10691.45588	2.929548457	10
2/22/2022	10767.63793	0.712550743	5
2/23/2022	10944.81071	1.645419226	7
2/24/2022	10740.08032	-1.870570454	6
2/25/2022	10764.05356	0.223212909	7
2/28/2022	11000.79438	2.199364945	10
3/2/2022	11158.29463	1.431716993	10
3/3/2022	11079.22905	-0.708581188	10
3/4/2022	10891.57508	-1.693745767	8
3/7/2022	11147.4852	2.349615402	7
3/8/2022	11160.43844	0.116198732	10
3/9/2022	11140.59487	-0.177802756	8
3/10/2022	11391.06129	2.248232014	5
3/11/2022	11574.75346	1.612599245	9
3/14/2022	11643.52368	0.594139823	9
3/15/2022	11616.53028	-0.231831862	10
3/16/2022	11624.05506	0.064776498	9
3/17/2022	11761.69008	1.184053407	7
3/21/2022	11805.65685	0.373813354	10
3/22/2022	11946.39571	1.19213068	10
3/23/2022	12177.10876	1.931235667	10
3/24/2022	12078.85367	-0.80688359	10
3/25/2022	11960.37182	-0.980903125	10
3/28/2022	11988.52086	0.235352546	10
3/29/2022	11930.41011	-0.484719895	10
3/30/2022	11948.31729	0.150096953	10
3/31/2022	11976.42509	0.235244813	10
4/1/2022	11857.03398	-0.996884377	10
4/4/2022	11898.73614	0.35170822	9
4/5/2022	11927.18635	0.239102789	10
4/6/2022	11815.52369	-0.93620287	7
4/7/2022	11787.37608	-0.238225714	9
4/8/2022	11828.96332	0.352811732	10
4/11/2022	11686.79815	-1.201839622	10
4/12/2022	11747.74611	0.521511121	9
4/13/2022	11777.18236	0.250569357	10
4/18/2022	11818.9976	0.35505306	10
4/19/2022	11843.46049	0.206979373	10
4/20/2022	11849.2199	0.048629409	10
4/21/2022	11704.61172	-1.220402522	7
4/22/2022	11801.92388	0.831400132	10
4/25/2022	11821.60784	0.166786093	10
4/26/2022	11806.04299	-0.131664397	6
4/27/2022	11993.02311	1.583766153	10
4/28/2022	11855.32756	-1.148130397	8
4/29/2022	11786.674	-0.579094628	10
5/2/2022	12042.43745	2.169937461	10
5/4/2022	12105.67248	0.525101593	10
5/5/2022	12038.89644	-0.551609569	10
5/6/2022	12010.80729	-0.233319913	10
5/9/2022	12050.43534	0.329936549	8
5/10/2022	12212.49195	1.344819582	10
5/11/2022	12627.48712	3.398120337	10
5/12/2022	12632.51766	0.039838009	10
5/13/2022	12375.01068	-2.038445456	6
5/16/2022	12418.46925	0.351180054	7
5/17/2022	12507.2771	0.715127169	10
5/18/2022	12594.33684	0.696072745	10
5/19/2022	12737.53004	1.136964991	6
5/20/2022	12756.63247	0.149969646	8
5/23/2022	12596.08036	-1.258577558	10
5/24/2022	12652.34786	0.446706463	10
5/25/2022	12739.15625	0.686104955	10
5/26/2022	12905.97062	1.309461643	10
5/27/2022	13153.90676	1.921096435	10
5/30/2022	13236.45398	0.62754913	9
5/31/2022	13301.26328	0.48962731	10
6/1/2022	13208.14655	-0.700059298	10
6/2/2022	13258.51912	0.381375033	10
6/3/2022	13358.45413	0.753741896	10
6/6/2022	13330.80851	-0.206952255	10
6/7/2022	13434.28045	0.776186495	10
6/8/2022	13401.11518	-0.246870433	10
6/9/2022	13417.49458	0.122224131	10
6/10/2022	13458.96095	0.30904709	10
6/13/2022	13404.84648	-0.402070245	6
6/14/2022	13503.60109	0.736708245	7
6/15/2022	13256.13288	-1.83260901	6
6/16/2022	13483.20328	1.712946054	10
6/17/2022	13692.27656	1.550620257	10
6/20/2022	13834.72015	1.040320732	9
6/21/2022	13715.61217	-0.86093524	6
6/22/2022	13661.4124	-0.395168468	10
6/23/2022	13832.9128	1.255363658	8
6/24/2022	13849.09105	0.116954692	8
6/27/2022	13947.95499	0.713865964	9
6/28/2022	13911.34729	-0.262459246	8
6/29/2022	13932.25104	0.150264008	6
6/30/2022	14056.47965	0.891662112	10
7/1/2022	13853.55934	-1.443606845	10
7/4/2022	13833.42992	-0.145301474	10
7/5/2022	13884.37974	0.368309409	10
7/6/2022	13911.12898	0.192657043	10
7/7/2022	13986.20648	0.539693786	10
7/8/2022	13822.61282	-1.16967857	10
7/11/2022	14230.29899	2.949414722	10
7/12/2022	14166.12721	-0.450951747	10
7/13/2022	14189.08763	0.16207971	10
7/14/2022	13972.46437	-1.526689142	10
7/15/2022	14071.47807	0.708634467	10
7/18/2022	13918.16278	-1.089546468	10
7/19/2022	13865.57358	-0.377845789	10
7/20/2022	13862.12721	-0.024855585	10
7/21/2022	13921.73098	0.429975622	10
7/22/2022	13975.14136	0.383647547	10
7/25/2022	14016.19585	0.293767976	10
7/26/2022	13964.32615	-0.370069731	10
7/27/2022	14024.2981	0.429465412	10
7/28/2022	14139.95963	0.82472241	9
7/29/2022	13846.52924	-2.075185531	10
8/1/2022	13875.38006	0.208361392	10
8/2/2022	13690.07182	-1.335518283	10
8/3/2022	13883.99629	1.416533626	10
8/4/2022	13929.6645	0.328927003	10
8/5/2022	14022.55626	0.666862823	10
8/8/2022	14131.0279	0.773551159	10
8/10/2022	13982.3153	-1.052383496	10
8/11/2022	14090.13127	0.771088121	10
8/12/2022	14217.80121	0.906094726	10
8/16/2022	14286.21379	0.481175567	10
8/17/2022	14268.81238	-0.121805667	10
8/18/2022	14281.71135	0.090399799	10
8/19/2022	14372.46509	0.635454225	10
8/22/2022	14302.44865	-0.487156774	10
8/23/2022	14501.39505	1.390995317	10
8/24/2022	14499.17901	-0.015281544	10
8/25/2022	14578.45491	0.546761301	10
8/26/2022	14477.41796	-0.693056644	10
8/29/2022	14938.14934	3.182414028	7
8/30/2022	14821.81879	-0.778748057	6
9/1/2022	14612.64603	-1.411248944	10
9/2/2022	14453.89009	-1.086428405	10
9/5/2022	14193.07681	-1.804450423	10
9/6/2022	14110.42238	-0.582357412	10
9/7/2022	13979.77227	-0.925912106	10
9/8/2022	13975.18138	-0.032839471	10
9/9/2022	13932.96173	-0.302104479	10
9/12/2022	14075.1232	1.020324785	10
9/13/2022	14146.45677	0.506806059	10
9/14/2022	14467.14351	2.266905014	8
9/15/2022	14712.81472	1.698132114	10
9/16/2022	14767.29356	0.370281562	10
9/19/2022	14882.78965	0.782107352	10
9/20/2022	14990.27253	0.722195813	6
9/21/2022	14913.76848	-0.510358009	10
9/22/2022	14917.82948	0.027229884	10
9/23/2022	15082.45857	1.103572693	10
9/26/2022	15056.15413	-0.174404236	10
9/27/2022	15008.48432	-0.316613442	10
9/28/2022	14960.10779	-0.322327876	10
9/29/2022	15199.54591	1.60051066	6
9/30/2022	15211.03768	0.075606015	10
10/3/2022	15385.27779	1.145484691	10
10/4/2022	15519.79977	0.874355267	5
10/6/2022	15501.07224	-0.120668666	8
10/7/2022	15554.57633	0.345163815	10
10/10/2022	15554.22086	-0.002285344	7
10/11/2022	15257.59779	-1.907026197	10
10/12/2022	15459.04707	1.320321084	10
10/13/2022	15331.80259	-0.823106907	10
10/14/2022	15459.25752	0.831310806	8
10/17/2022	15482.51098	0.15041772	10
10/18/2022	15678.05528	1.263001205	9
10/19/2022	15575.91408	-0.651491487	10
10/20/2022	15930.05937	2.273672581	10
10/21/2022	15886.4411	-0.273811093	10
10/24/2022	15639.38194	-1.555157376	9
10/25/2022	15815.24309	1.124476335	10
10/27/2022	15670.40335	-0.915823674	10
10/28/2022	15666.15962	-0.027081161	10
10/31/2022	15614.81058	-0.327770447	10
11/1/2022	15846.09683	1.48119788	10
11/2/2022	15781.72203	-0.406250199	10
11/3/2022	15666.08731	-0.732712916	10
11/4/2022	15534.30902	-0.841169158	10
11/7/2022	15506.56053	-0.178627084	10
11/9/2022	15555.23281	0.313881838	10
11/10/2022	15849.38864	1.891041031	10
11/11/2022	15858.54945	0.057799115	10
11/14/2022	15716.06869	-0.898447642	10
11/15/2022	15988.89612	1.735977582	10
11/16/2022	16189.59082	1.255213019	10
11/17/2022	16398.54469	1.290668018	10
11/18/2022	16527.25485	0.784887693	10
11/21/2022	16578.63583	0.310886315	10
11/22/2022	16604.90859	0.158473625	10
11/23/2022	16718.34105	0.683126086	10
11/24/2022	16862.19842	0.860476356	10
11/25/2022	16822.75196	-0.233934294	10
11/28/2022	16936.07743	0.673644047	10
11/29/2022	16958.48355	0.132298207	10
11/30/2022	17020.92239	0.368186424	10
12/1/2022	16989.39097	-0.185250947	10
12/2/2022	17113.25318	0.729056222	10
12/5/2022	17164.08116	0.297009482	10
12/6/2022	17048.54461	-0.673129849	10
12/7/2022	17052.83686	0.025176604	10
12/8/2022	17145.41853	0.542910714	10
12/9/2022	17235.90999	0.527787964	10
12/12/2022	17542.66751	1.779758185	10
12/13/2022	17548.93985	0.035754763	10
12/14/2022	17544.63388	-0.024536934	10
12/15/2022	17899.10998	2.020424614	10
12/16/2022	17845.68933	-0.298454203	10
12/19/2022	17861.69854	0.089709115	9
12/20/2022	17997.44115	0.759964709	10
12/21/2022	17830.53566	-0.927384553	10
12/22/2022	18058.2703	1.277217035	10
12/23/2022	18155.88297	0.540542745	10
12/26/2022	17655.84514	-2.754136657	6
12/27/2022	17540.40844	-0.653815741	8
12/28/2022	17561.05472	0.117706936	9
12/29/2022	17669.28356	0.616300353	10
12/30/2022	17728.58116	0.335597078	10
1/2/2023	17637.35019	-0.514598261	10
1/3/2023	17479.1747	-0.896821178	10
1/4/2023	17422.64609	-0.323405466	6
1/5/2023	17334.91544	-0.50354379	9
1/6/2023	17323.72656	-0.06454534	9
1/9/2023	17306.88407	-0.097222115	6
1/10/2023	17207.41576	-0.574732633	10
1/11/2023	17313.46125	0.616277841	10
1/12/2023	17383.95963	0.407188269	10
1/13/2023	17298.29745	-0.492765616	10
1/16/2023	17068.36531	-1.329218331	10
1/17/2023	16898.25607	-0.996634668	10
1/18/2023	16917.51085	0.113945389	10
1/19/2023	17021.54779	0.614965972	10
1/20/2023	16913.66795	-0.633783936	10
1/23/2023	16972.5649	0.348221026	10
1/24/2023	16894.518	-0.45984149	10
1/25/2023	17092.54808	1.172155842	10
1/27/2023	17364.54523	1.591320051	10
1/30/2023	17540.42245	1.012852457	10
1/31/2023	17579.23158	0.221255361	7
2/1/2023	17528.38664	-0.289232977	10
2/2/2023	17874.26959	1.973273139	10
2/3/2023	17889.69986	0.08632676	10
2/6/2023	17828.1006	-0.34432812	10
2/7/2023	18175.88438	1.95076184	10
2/8/2023	18260.70565	0.466669289	10
2/9/2023	18348.46659	0.480599933	10
2/10/2023	18461.75962	0.617452293	10
2/13/2023	18524.88792	0.341940901	10
2/14/2023	18650.41948	0.677637332	10
2/15/2023	18918.11921	1.435354991	10
2/16/2023	19210.184	1.543836296	7
2/17/2023	19315.49961	0.548228024	10
2/20/2023	19532.93397	1.125698851	10
2/21/2023	19673.57369	0.720013277	10
2/22/2023	19794.21864	0.61323357	10
2/23/2023	20007.66991	1.078351574	10
2/24/2023	20094.79949	0.435480891	10
2/27/2023	20170.45604	0.376498131	10
2/28/2023	20086.60507	-0.415711799	10
3/1/2023	19804.42161	-1.404834002	10
3/2/2023	19708.00184	-0.486859824	10
3/3/2023	19521.42994	-0.946680945	9
3/6/2023	19768.29803	1.264600411	10
3/8/2023	19866.98748	0.499230919	10
3/9/2023	20187.25571	1.612062352	10
3/10/2023	20266.14298	0.390777607	9
3/13/2023	20378.62984	0.555048182	10
3/14/2023	20785.2281	1.995218806	10
3/15/2023	20742.86567	-0.203810229	9
3/16/2023	20689.70584	-0.256280103	10
3/17/2023	20813.08204	0.59631684	8
3/20/2023	21123.33239	1.490650679	10
3/21/2023	21111.55	-0.055779024	7
3/22/2023	21192.50684	0.383471824	9
3/23/2023	21319.84294	0.600854357	10
3/24/2023	21149.34695	-0.799705664	10
3/27/2023	21166.41354	0.080695575	10
3/28/2023	21120.17683	-0.218443736	10
3/29/2023	21065.10612	-0.260749324	10
3/31/2023	21177.88738	0.535393763	10
4/3/2023	20609.26005	-2.685004963	10
4/5/2023	20430.96316	-0.86512999	10
4/6/2023	20837.06057	1.987656677	10
4/10/2023	21073.47778	1.134599615	10
4/11/2023	21218.16324	0.686576113	10
4/12/2023	21259.76228	0.196053929	10
4/13/2023	21130.39727	-0.608496982	9
4/17/2023	21390.91084	1.23288535	8
4/18/2023	21695.83957	1.425506059	10
4/19/2023	21753.8393	0.267331097	10
4/20/2023	21702.68387	-0.235155868	10
4/21/2023	21511.17577	-0.88241668	10
4/24/2023	21544.11858	0.153142777	10
4/25/2023	21457.07282	-0.404034897	10
4/26/2023	21380.34523	-0.357586495	10
4/27/2023	21266.87393	-0.530727159	10
4/28/2023	21637.7862	1.744084574	10
5/2/2023	21634.62033	-0.014631217	10
5/3/2023	21728.70533	0.434881708	10
5/4/2023	21667.03154	-0.283835578	10
5/5/2023	21649.92353	-0.078958689	10
5/8/2023	21721.843	0.332192721	10
5/9/2023	21474.31209	-1.139548411	10
5/10/2023	21639.38505	0.768699642	10
5/11/2023	21594.99617	-0.205130032	10
5/12/2023	21528.22939	-0.309177084	10
5/15/2023	21481.16992	-0.218594254	10
5/16/2023	21401.55847	-0.370610374	10
5/17/2023	21689.27017	1.344349309	10
5/18/2023	21899.05423	0.967225037	10
5/19/2023	22004.55248	0.481748012	10
5/22/2023	21771.9562	-1.057037109	10
5/23/2023	21439.23993	-1.528187294	10
5/24/2023	21358.0029	-0.378917481	10
5/25/2023	21517.51894	0.746867763	10
5/26/2023	21600.53412	0.385802747	10
5/29/2023	21589.23327	-0.052317451	10
5/30/2023	21832.94826	1.128872832	10
5/31/2023	21692.03192	-0.645429758	10
6/1/2023	21634.54656	-0.265006788	10
6/2/2023	22009.98633	1.735371561	10
6/5/2023	21951.45674	-0.265922869	10
6/6/2023	22553.80243	2.743989592	10
6/7/2023	22662.65917	0.482653593	10
6/8/2023	22634.67421	-0.123484881	10
6/9/2023	22931.57111	1.311690648	10
6/12/2023	22998.15428	0.290355874	10
6/13/2023	22878.58729	-0.519898188	10
6/14/2023	22813.65053	-0.283832021	10
6/15/2023	22831.90234	0.080003895	10
6/16/2023	22879.5287	0.208595679	10
6/19/2023	23453.06161	2.50675139	10
6/20/2023	22868.14434	-2.493991099	10
6/21/2023	22766.76234	-0.443332875	10
6/22/2023	22693.69304	-0.320947241	10
6/23/2023	22937.78428	1.075590652	10
6/26/2023	22944.64786	0.029922607	10
6/27/2023	22885.06549	-0.259678747	10
6/28/2023	23129.3068	1.06725196	10
6/30/2023	23161.93628	0.141074188	10
7/3/2023	23077.99768	-0.362398897	10
7/4/2023	22978.53685	-0.430976849	10
7/5/2023	22992.07152	0.058901336	10
7/6/2023	22779.78377	-0.923308496	10
7/7/2023	22704.76396	-0.329326242	10
7/10/2023	22653.05262	-0.22775549	10
7/11/2023	22442.71247	-0.928528937	10
7/12/2023	22241.22043	-0.897806069	10
7/13/2023	22223.80499	-0.078302562	10
7/14/2023	21930.05196	-1.321794492	7
7/17/2023	21521.85929	-1.861339289	10
7/18/2023	21234.53888	-1.335016632	10
7/19/2023	21646.09418	1.938140944	10
7/20/2023	21565.21718	-0.373633198	10
7/21/2023	21616.51519	0.237873811	10
7/24/2023	21640.74372	0.112083425	10
7/25/2023	21532.44256	-0.500450276	10
7/26/2023	21528.0361	-0.020464284	10
7/27/2023	21401.04212	-0.58990041	10
7/28/2023	21060.26582	-1.592335074	10
7/31/2023	20957.12418	-0.489745188	10
8/1/2023	20908.16991	-0.233592508	10
8/2/2023	20847.89452	-0.288286305	10
8/3/2023	20977.17027	0.620090197	10
8/4/2023	20879.71582	-0.464573846	10
8/7/2023	20770.88004	-0.521251282	10
8/8/2023	20908.69338	0.663493037	10
8/9/2023	20797.30472	-0.532738518	10
8/10/2023	21021.86402	1.079751968	10
8/11/2023	21487.87147	2.216775103	10
8/14/2023	21294.5173	-0.89982932	10
8/16/2023	21066.11507	-1.072587058	10
8/17/2023	21515.5932	2.1336546	10
8/18/2023	21733.33738	1.012029646	10
8/21/2023	21965.80348	1.06962908	10
8/22/2023	21632.88301	-1.515630722	10
8/23/2023	21534.89605	-0.452953799	10
8/24/2023	21717.9986	0.850259738	10
8/25/2023	21869.0548	0.695534629	10
8/28/2023	21973.01271	0.475365374	10
8/29/2023	21974.29513	0.005836308	10
8/30/2023	21684.16483	-1.320316719	10
8/31/2023	21649.27536	-0.160898385	10
9/1/2023	21752.91311	0.478712298	10
9/4/2023	21768.6953	0.072552066	10
9/5/2023	21985.36228	0.995314515	10
9/6/2023	21981.4832	-0.017643934	10
9/7/2023	21911.7238	-0.317355257	10
9/8/2023	21940.85795	0.132961464	10
9/11/2023	21680.31801	-1.187464707	10
9/12/2023	21831.09477	0.695454579	10
9/13/2023	22155.19063	1.484560734	10
9/14/2023	21827.89606	-1.477281663	6
9/15/2023	21715.10697	-0.516719978	9
9/18/2023	22115.28815	1.842869972	10
9/20/2023	21676.17238	-1.985575645	10
9/21/2023	21432.3044	-1.125050924	10
9/22/2023	21563.94443	0.614213144	10
9/25/2023	21645.06071	0.376166262	10
9/26/2023	21650.57472	0.025474649	10
9/27/2023	21611.82586	-0.178973807	10
9/28/2023	21801.97703	0.879847782	10
9/29/2023	22206.27153	1.854393771	10
10/3/2023	21993.40437	-0.958590288	10
10/4/2023	22045.05206	0.234832648	10
10/5/2023	22033.57056	-0.052082008	6
10/6/2023	21994.50211	-0.177313301	9
10/9/2023	22250.74579	1.165035177	10
10/10/2023	22285.45598	0.155995626	10
10/11/2023	22204.20244	-0.364603467	10
10/12/2023	22589.30395	1.734363176	10
10/13/2023	22733.44599	0.638098652	10
10/16/2023	22787.90089	0.239536486	10
10/17/2023	22833.72436	0.201086836	9
10/18/2023	22751.94342	-0.358158575	10
10/19/2023	22540.43341	-0.929634902	10
10/20/2023	22362.00087	-0.791610973	10
10/23/2023	22415.5646	0.239530146	10
10/25/2023	22792.27692	1.680583659	10
10/26/2023	22618.05127	-0.764406507	10
10/27/2023	22623.52206	0.024187726	8
10/30/2023	22916.64135	1.295639504	10
10/31/2023	23181.52588	1.155861044	10
11/1/2023	23262.1099	0.347621731	10
11/2/2023	23380.28558	0.508017881	10
11/3/2023	23296.49831	-0.35836717	10
11/6/2023	23322.85883	0.11315228	10
11/7/2023	23217.26014	-0.45276905	10
11/8/2023	22911.33121	-1.317678873	10
11/9/2023	23212.36697	1.313916487	10
11/10/2023	23147.32488	-0.280204449	10
11/13/2023	23708.23826	2.423231947	10
11/15/2023	23764.72597	0.238261951	10
11/16/2023	23844.62482	0.336207771	10
11/17/2023	23903.32999	0.246198742	10
11/20/2023	23861.86847	-0.173455005	10
11/21/2023	23976.35827	0.479802358	10
11/22/2023	23993.14987	0.07003396	10
11/23/2023	23981.65835	-0.047894996	10
11/24/2023	23968.85614	-0.05338332	10
11/28/2023	24101.80074	0.554655584	10
11/29/2023	23877.6227	-0.930129865	8
11/30/2023	24074.11024	0.82289407	10
12/1/2023	24235.75474	0.671445405	10
12/4/2023	24625.64548	1.608741892	5
12/5/2023	24961.9446	1.365645906	10
12/6/2023	24667.9681	-1.177698725	10
12/7/2023	24828.08698	0.64909634	10
12/8/2023	24462.83105	-1.471140036	10
12/11/2023	24512.03055	0.201119412	10
12/12/2023	24726.992	0.876963039	10
12/13/2023	24241.55574	-1.963183622	10
12/14/2023	24713.70445	1.947683209	7
12/15/2023	24954.64361	0.97492126	10
12/18/2023	25294.7793	1.363015607	10
12/19/2023	25103.15079	-0.757581274	10
12/20/2023	25586.65278	1.926060976	10
12/21/2023	26548.26769	3.758267721	10
12/22/2023	26667.56147	0.449346767	6
12/26/2023	26629.15589	-0.144016097	10
12/27/2023	26641.70902	0.047140554	10
12/28/2023	26708.84086	0.251980219	10
12/29/2023	26968.6834	0.972870899	10
1/1/2024	26920.49165	-0.178695219	10
1/2/2024	27041.9806	0.451287994	10
1/3/2024	27003.94834	-0.140641558	10
1/4/2024	27128.357	0.460705465	10
1/5/2024	27233.5639	0.387811519	10
1/8/2024	27246.89094	0.048936099	10
1/9/2024	27386.18599	0.511232833	10
1/10/2024	27466.37657	0.292813957	10
1/11/2024	27917.99232	1.64424949	10
1/12/2024	28078.49019	0.574890414	10
1/15/2024	28277.22067	0.707767717	10
1/16/2024	27968.35744	-1.09226873	10
1/17/2024	28399.09363	1.540083983	10
1/18/2024	28388.48603	-0.037351891	10
1/19/2024	27917.98901	-1.65735156	7
1/23/2024	28076.27362	0.566962789	10
1/24/2024	28578.84256	1.790012945	10
1/25/2024	28414.49463	-0.57506852	10
1/29/2024	28262.15761	-0.536124336	8
1/30/2024	28245.30733	-0.059621353	10
1/31/2024	28162.61913	-0.292750222	10
2/1/2024	28149.95211	-0.044978136	10
2/2/2024	28525.48293	1.334037179	10
2/5/2024	28463.26906	-0.218099274	10
2/6/2024	28410.40848	-0.185715087	10
2/7/2024	28530.67384	0.423314454	10
2/8/2024	28668.05727	0.481528862	10
2/9/2024	29171.31689	1.755471633	10
2/12/2024	29145.24673	-0.089369151	10
2/13/2024	29743.56935	2.052899494	10
2/14/2024	29953.27447	0.705043556	10
2/15/2024	29747.81478	-0.685933978	10
2/16/2024	30416.2112	2.246875702	10
2/19/2024	30404.5662	-0.038285529	10
2/20/2024	30782.40672	1.242709793	10
2/21/2024	30707.91441	-0.241996372	10
2/22/2024	30736.76336	0.093946297	10
2/23/2024	30740.65955	0.012675988	10
2/26/2024	30529.52794	-0.686815493	10
2/27/2024	30560.12026	0.100205686	10
2/28/2024	30709.73516	0.489575646	10
2/29/2024	31232.33851	1.701751407	10
3/1/2024	31440.20668	0.665554278	10
3/4/2024	31233.7363	-0.656708077	10
3/5/2024	31807.04851	1.835554348	10
3/6/2024	31084.34432	-2.27215106	10
3/7/2024	31070.39236	-0.044884185	10
3/11/2024	31378.68049	0.992224761	10
3/12/2024	31219.92448	-0.505935907	10
3/13/2024	31881.86361	2.12024578	10
3/14/2024	31734.13077	-0.463375792	10
3/15/2024	32237.56477	1.586411811	7
3/18/2024	32773.18369	1.661474502	10
3/19/2024	32799.19658	0.079372492	10
3/20/2024	33138.57387	1.034712203	10
3/21/2024	33227.75962	0.269129709	10
3/22/2024	34005.6674	2.341138212	10
3/26/2024	34284.26806	0.819277142	10
3/27/2024	34535.26161	0.732095406	10
3/28/2024	35052.24238	1.496964974	10
4/1/2024	34644.03185	-1.164577497	9
4/2/2024	34885.25811	0.69629962	10
4/3/2024	35402.37431	1.482334448	7
4/4/2024	35451.28137	0.13814626	6
4/5/2024	35618.80836	0.472555542	6
4/8/2024	35524.1015	-0.265890027	7
4/9/2024	35697.62752	0.48847404	9
4/10/2024	35506.90331	-0.534276977	10
4/12/2024	35916.14215	1.152561325	10
4/15/2024	36094.3626	0.496212682	9
4/16/2024	36468.13837	1.03555165	10
4/18/2024	36450.16391	-0.049288099	10
4/19/2024	36685.76816	0.646373639	10
4/22/2024	37056.65171	1.010973912	6
4/23/2024	36515.55173	-1.460196644	10
4/24/2024	36507.90355	-0.020944985	10
4/25/2024	36615.58243	0.294946773	10
4/26/2024	36574.37066	-0.112552549	10
4/29/2024	36749.37282	0.478483045	10
4/30/2024	36790.95021	0.113137684	10
5/2/2024	36645.09507	-0.396443	10
5/3/2024	36932.67753	0.784777517	10
5/6/2024	36866.14371	-0.180148934	10
5/7/2024	36641.65217	-0.608936864	10
5/8/2024	37633.93717	2.708079313	10
5/9/2024	37874.10045	0.638156143	10
5/10/2024	38237.45544	0.95937589	10
5/13/2024	38085.12682	-0.398375413	10
5/14/2024	38522.30317	1.147892596	10
5/15/2024	38484.7413	-0.097506805	8
5/16/2024	39179.07034	1.804167091	10
5/17/2024	39668.13414	1.248278199	10
5/21/2024	39225.2363	-1.116507869	10
5/22/2024	39369.37669	0.367468504	10
5/23/2024	39167.24261	-0.51342972	10
5/24/2024	38836.24408	-0.845090194	10
5/27/2024	38821.95682	-0.036788462	10
5/28/2024	38502.52379	-0.822815372	10
5/29/2024	38098.24444	-1.0500074	10
5/30/2024	37866.64594	-0.607898101	10
5/31/2024	37907.49656	0.107880222	10
6/3/2024	38073.64607	0.438302497	5
6/4/2024	38591.24311	1.359462775	10
6/5/2024	39528.59053	2.428912219	10
6/6/2024	39626.40589	0.247454705	9
6/7/2024	39687.95574	0.15532534	9
6/10/2024	39538.083	-0.377627763	6
6/11/2024	39365.9349	-0.435398188	7
6/12/2024	39553.46453	0.476375404	6
6/13/2024	40383.50118	2.098518201	5
6/14/2024	40314.10558	-0.171841488	5
6/18/2024	40395.16127	0.20106038	5
6/19/2024	40650.03883	0.630960611	6
6/20/2024	40782.7525	0.326478586	6
6/21/2024	40632.60014	-0.368176131	10
6/24/2024	40497.03535	-0.33363551	10
6/25/2024	40699.52312	0.500006396	10
6/26/2024	40896.56792	0.484145231	10
6/27/2024	41120.1115	0.546607176	10
6/28/2024	40654.02183	-1.133483461	10
7/1/2024	40835.26527	0.445819205	10
7/2/2024	40729.16128	-0.259834202	10
7/3/2024	40688.66074	-0.099438681	10
7/4/2024	40666.25079	-0.055076658	10
7/5/2024	40787.7022	0.298654075	10
7/8/2024	41265.47193	1.171357299	10
7/9/2024	41946.14333	1.649493805	10
7/10/2024	42590.27912	1.535625766	10
7/11/2024	42755.20707	0.38724318	10
7/12/2024	42818.96931	0.149133261	10
7/15/2024	43083.70313	0.61826296	10
7/16/2024	43214.30977	0.303146255	10
7/18/2024	42686.10819	-1.222283951	10
7/19/2024	43160.03934	1.110270222	10
7/22/2024	43752.04914	1.371661861	10
7/23/2024	44779.28442	2.34785639	10
7/24/2024	45131.85036	0.787341617	10
7/25/2024	44874.27784	-0.570711202	10
7/26/2024	45251.01171	0.839531896	10
7/29/2024	44309.49739	-2.080648109	10
7/30/2024	44385.82723	0.172265182	9
7/31/2024	44914.40412	1.190868624	10
8/1/2024	44724.54371	-0.422716078	10
8/2/2024	45045.55613	0.717754477	6
8/5/2024	45677.93271	1.403860084	8
8/6/2024	46464.9895	1.723056954	10
8/7/2024	47371.21246	1.950335008	8
8/8/2024	47029.05574	-0.722288282	10
8/9/2024	47740.03046	1.511777577	9
8/12/2024	46768.09331	-2.035895543	10
8/13/2024	47159.12343	0.836104463	10
8/14/2024	47580.22789	0.892943793	10
8/16/2024	47735.06264	0.325418248	10
8/19/2024	48182.34056	0.937000802	10
8/20/2024	47955.51189	-0.470771374	10
8/21/2024	48092.81005	0.286303188	10
8/22/2024	48194.98895	0.212461915	10
8/23/2024	48401.68126	0.428866801	10
8/26/2024	48554.98812	0.316738705	10
8/27/2024	49213.08387	1.355361779	10
8/28/2024	48950.59054	-0.533381194	10
8/29/2024	49086.07281	0.276773514	10
8/30/2024	49199.93745	0.231969345	10
9/2/2024	49533.63067	0.678239116	10
9/3/2024	49813.85568	0.56572678	10
9/4/2024	50329.63257	1.03540848	10
9/5/2024	50274.91061	-0.108727117	10
9/6/2024	50363.50644	0.176222757	10
9/9/2024	50596.41808	0.462461129	10
9/10/2024	50532.31625	-0.126692436	10
9/11/2024	50820.01155	0.569329343	10
9/12/2024	50617.04336	-0.399386366	10
9/13/2024	50400.78971	-0.427234839	10
9/16/2024	49516.57661	-1.754363582	10
9/17/2024	49607.07994	0.182773793	10
9/18/2024	49983.06549	0.757927211	10
9/19/2024	50379.54718	0.793232024	10
9/20/2024	50546.84995	0.332084708	10
9/23/2024	50477.9446	-0.136319762	10
9/24/2024	49854.32087	-1.23543805	10
9/25/2024	50041.02081	0.374490994	10
9/26/2024	50736.81108	1.390439793	10
9/27/2024	50600.9213	-0.267832716	10
9/30/2024	50738.29551	0.271485595	10
10/1/2024	50960.04075	0.437037233	10
10/3/2024	51602.32703	1.260372371	10
10/4/2024	51906.57994	0.589610845	10
10/7/2024	53173.46473	2.440701708	10
10/8/2024	53189.76491	0.030654736	10
10/9/2024	52720.62534	-0.882010985	8
10/10/2024	53180.91381	0.873070948	10
10/11/2024	53083.61362	-0.182960732	9
10/14/2024	53251.30371	0.315898038	10
10/15/2024	54317.20106	2.001636159	10
10/16/2024	54980.18459	1.22057749	10
10/17/2024	54874.91881	-0.191461301	10
10/18/2024	55443.64537	1.036405285	10
10/21/2024	55415.54806	-0.050677238	10
10/22/2024	54546.88278	-1.567547947	10
10/23/2024	54731.8063	0.339017573	10
10/24/2024	53808.19364	-1.687524533	10
10/25/2024	53287.43542	-0.96780468	10
10/28/2024	53691.789	0.758815988	7
10/29/2024	53483.18874	-0.38851426	10
10/30/2024	53614.05893	0.244694066	9
10/31/2024	54380.23821	1.429064116	10
11/1/2024	54880.67925	0.920262681	8
11/4/2024	54691.45735	-0.34478782	6
11/5/2024	54280.03531	-0.752260147	10
11/6/2024	54654.6458	0.69014414	10
11/7/2024	54015.46084	-1.169497947	10
11/8/2024	54120.44408	0.194357771	10
11/11/2024	54456.59481	0.621115987	10
11/12/2024	54642.90191	0.342120363	10
11/13/2024	55653.89587	1.850183504	10
11/14/2024	55787.5724	0.240192577	8
11/18/2024	55639.70992	-0.265045552	10
11/19/2024	56420.92236	1.404055557	10
11/21/2024	57415.25299	1.762343807	10
11/22/2024	57169.3176	-0.428345037	10
11/25/2024	57974.05548	1.407639479	7
11/26/2024	58311.63442	0.582293114	10
11/27/2024	58032.11825	-0.479348889	10
11/28/2024	56985.81141	-1.802978882	10
11/29/2024	56869.88305	-0.203433724	8
12/2/2024	56942.08011	0.126951313	10
12/3/2024	56861.90346	-0.140803866	10
12/4/2024	57459.34441	1.050687555	7
12/5/2024	57941.10282	0.838433529	10
12/6/2024	57452.14938	-0.843880102	10
12/9/2024	57715.68167	0.458698743	10
12/10/2024	57461.64755	-0.440147474	10
12/11/2024	57390.42937	-0.123940371	10
12/12/2024	57091.58718	-0.52071782	10
12/13/2024	56606.11468	-0.850339817	10
12/16/2024	56025.10679	-1.02640482	10
12/17/2024	55951.45282	-0.131465999	10
12/18/2024	56442.09875	0.876913646	10
12/19/2024	56869.24425	0.75678529	10
12/20/2024	56681.75294	-0.329688424	10
12/23/2024	57297.13872	1.08568587	10
12/24/2024	58259.06442	1.678837246	10
12/26/2024	59018.8738	1.304190829	10
12/27/2024	58799.9077	-0.371010291	10
12/30/2024	59390.74297	1.004823467	10
12/31/2024	60184.21244	1.336015391	10
1/1/2025	60422.17883	0.395396705	10
1/2/2025	59947.65711	-0.785343611	10
1/3/2025	59890.46543	-0.095402701	10
1/6/2025	59484.0864	-0.678537097	10
1/7/2025	59864.176	0.638976935	10
1/8/2025	59640.51389	-0.373615943	10
1/9/2025	59004.17144	-1.066963387	10
1/10/2025	59354.28115	0.593364338	10
1/13/2025	59924.48038	0.960670755	10
1/14/2025	60443.39194	0.865942531	6
1/15/2025	60860.9135	0.690764617	10
1/16/2025	60688.82971	-0.28274928	9
1/17/2025	60239.90312	-0.739718641	10
1/20/2025	58891.0528	-2.239130965	10
1/21/2025	59596.13846	1.197271283	10
1/22/2025	58677.98112	-1.540632275	10
1/23/2025	57875.39555	-1.367779795	10
1/24/2025	59217.10947	2.318280345	10
1/27/2025	60032.21594	1.376471221	10
1/28/2025	61434.99638	2.336712745	10
1/29/2025	59115.33203	-3.775802863	6
1/30/2025	59201.40494	0.145601679	10
1/31/2025	58469.98952	-1.235469702	10
2/1/2025	58881.25773	0.703383417	10
2/3/2025	58756.57678	-0.211749803	9
2/4/2025	59638.15016	1.50038247	10
2/5/2025	59810.89311	0.289651752	10
2/6/2025	60094.63679	0.474401339	10
2/7/2025	59953.24855	-0.235275968	10
2/10/2025	59894.82057	-0.097455904	10
2/11/2025	60500.07768	1.010533311	10
2/12/2025	59732.02063	-1.269514158	10
2/13/2025	59775.4564	0.072717724	10
2/14/2025	59594.41375	-0.302871205	10
2/17/2025	60608.40946	1.701494563	10
2/18/2025	61271.60443	1.094229299	10
2/19/2025	61325.2244	0.087511928	10
2/20/2025	61646.10699	0.523247318	10
2/21/2025	61524.18562	-0.197776261	10
2/24/2025	61427.88503	-0.156524769	8
2/25/2025	62122.55027	1.130863028	10
2/27/2025	61618.13602	-0.81196643	10
2/28/2025	61865.02541	0.400676493	10
3/3/2025	61784.47115	-0.130209682	10
3/4/2025	61928.43131	0.233003787	10
3/5/2025	62142.43578	0.345567396	10
3/6/2025	61800.3779	-0.550441694	8
3/7/2025	61137.4955	-1.072618695	10
3/10/2025	60661.29918	-0.778894047	9
3/11/2025	60933.19568	0.448220703	7
3/12/2025	61474.78813	0.888829878	10
3/13/2025	62261.48739	1.2797104	10
3/17/2025	63082.66956	1.318924751	10
3/18/2025	61476.84898	-2.545581207	8
3/19/2025	59929.31847	-2.51725737	5
3/20/2025	59629.07781	-0.500991278	10
3/21/2025	59565.30691	-0.106945976	10
3/24/2025	59239.85477	-0.546378686	10
3/25/2025	58368.35132	-1.471143791	8
3/26/2025	58821.77252	0.77682715	10
3/27/2025	59184.35453	0.616407827	10
3/28/2025	57992.93725	-2.013061211	10
4/1/2025	56665.47168	-2.289012469	10
4/2/2025	56952.25508	0.506099019	10
4/3/2025	58427.48866	2.5902988	10
4/4/2025	57221.71748	-2.063705291	7
4/7/2025	62745.15866	9.652700795	6
4/8/2025	63487.42192	1.182980921	5
4/9/2025	63906.58891	0.660236275	7
4/11/2025	62188.74204	-2.688059088	6
4/15/2025	60224.22023	-3.158966943	7
4/16/2025	60151.86558	-0.120142114	6
4/17/2025	61042.17675	1.480105663	6
4/21/2025	60669.08647	-0.611200819	9
4/22/2025	60041.17735	-1.034973749	10
4/23/2025	59557.61302	-0.805387817	6
4/24/2025	59816.19386	0.434169251	5
4/25/2025	60660.8242	1.412042938	9
4/28/2025	61385.87722	1.195257438	10
4/29/2025	61898.91663	0.835761314	9
4/30/2025	61961.58229	0.101238705	10
5/2/2025	62489.75963	0.852427123	10
5/5/2025	63351.85995	1.379586562	9
5/6/2025	64553.36883	1.896564484	10
5/7/2025	64286.33828	-0.413658585	10
5/8/2025	64121.41727	-0.256541293	10
5/9/2025	64312.3434	0.297757188	9
5/12/2025	64112.52156	-0.31070528	9
5/13/2025	65592.21024	2.307955836	10
5/14/2025	66713.80167	1.709946078	7
5/15/2025	66984.84466	0.406277246	6
5/16/2025	66666.22058	-0.475665918	7
5/19/2025	67021.31989	0.532652517	9
5/20/2025	66521.97377	-0.745055626	10
5/21/2025	66039.33293	-0.725535961	10
5/22/2025	66168.98777	0.196329721	9
5/23/2025	66270.64756	0.15363661	10
5/26/2025	66674.45654	0.609333082	10
5/27/2025	66137.9871	-0.804610133	10
5/28/2025	64957.34941	-1.785112837	10
5/29/2025	65388.39895	0.663588572	10
5/30/2025	66147.31378	1.160626096	10
6/2/2025	67024.51241	1.326128883	10
6/3/2025	67524.11623	0.74540463	10
6/4/2025	67438.09525	-0.127392976	10
6/5/2025	67263.48618	-0.258917561	10
6/6/2025	67986.61012	1.075061646	10
6/9/2025	67861.91011	-0.183418486	10
6/10/2025	68149.61246	0.423952637	10
6/11/2025	68017.78043	-0.193445017	10
6/12/2025	68148.85629	0.192708222	10
6/13/2025	68627.83408	0.702840547	6
6/16/2025	68438.61851	-0.275712578	10
6/17/2025	69544.33956	1.615639055	10
6/18/2025	69163.66437	-0.547384868	10
6/19/2025	69622.9377	0.664038457	10
6/20/2025	70471.47612	1.21876273	10
6/23/2025	70261.94353	-0.297329635	10
6/24/2025	70146.39696	-0.16445115	8
6/25/2025	69988.43534	-0.225188509	8
6/26/2025	69751.63906	-0.338336296	10
6/27/2025	68995.13202	-1.084572413	10
6/30/2025	69570.3236	0.833669806	10
7/1/2025	70755.92994	1.704184018	10
7/2/2025	70641.17952	-0.162177809	10
7/3/2025	71368.64202	1.029799481	10
7/4/2025	71660.07979	0.408355487	10
7/7/2025	72010.19896	0.488583278	10
7/8/2025	72148.82036	0.192502463	10
7/9/2025	71659.36813	-0.678392561	10
7/10/2025	72030.48086	0.51788445	10
7/11/2025	71994.68219	-0.04969933	10
7/14/2025	72002.83731	0.011327386	10
7/15/2025	72415.72849	0.573437382	10
7/16/2025	70574.78862	-2.542182353	10
7/17/2025	70903.11491	0.465217537	10
7/18/2025	70492.37963	-0.579290883	10
7/21/2025	70426.19639	-0.093887087	10
7/22/2025	70735.00791	0.438489562	10
7/23/2025	70237.67674	-0.703090574	10
7/24/2025	70187.81416	-0.070991206	10
7/25/2025	70176.69843	-0.015837124	10
7/28/2025	70733.31004	0.793157296	10
7/29/2025	71160.23608	0.603571414	10
7/30/2025	70282.48875	-1.23348006	10
7/31/2025	70209.70013	-0.1035658	10
8/1/2025	71265.58399	1.50390025	10
8/4/2025	71559.24908	0.412071408	10
8/5/2025	71475.58867	-0.116910686	10
8/6/2025	71006.23815	-0.656658489	10
8/7/2025	71964.90676	1.350118848	10
8/8/2025	71189.43422	-1.07757041	10
8/11/2025	71140.69054	-0.068470384	10
8/12/2025	69830.302	-1.841967699	10
8/13/2025	69884.27537	0.077292199	10
8/14/2025	70055.10056	0.244440083	10
8/18/2025	69696.81989	-0.511426951	10
8/19/2025	69212.76155	-0.694519985	10
8/20/2025	69130.02494	-0.119539531	10
8/21/2025	69081.10274	-0.070768379	10
8/22/2025	68492.18067	-0.8525082	10
8/25/2025	69631.50702	1.663440021	10
8/26/2025	69704.77051	0.105216008	10
8/28/2025	69883.9842	0.257103905	10
8/29/2025	70656.21792	1.105022458	10
9/1/2025	71428.02649	1.092343455	10
9/2/2025	71516.87616	0.124390494	10
9/3/2025	72104.57044	0.821756077	10
9/4/2025	72844.96777	1.026838274	9
9/5/2025	72616.96176	-0.313001727	10
9/8/2025	72489.49876	-0.175527863	10
9/9/2025	71832.04312	-0.906966739	10
9/10/2025	71821.25966	-0.015012035	10
9/11/2025	72332.16445	0.711355932	10
9/12/2025	71781.84019	-0.760829247	10
9/15/2025	71474.97156	-0.427501764	10
9/16/2025	71095.55281	-0.530841408	10
9/17/2025	72025.03154	1.307365498	10
9/18/2025	72019.67989	-0.007430264	10
9/19/2025	71811.6726	-0.288820077	10
9/22/2025	71307.66659	-0.701844133	10
9/23/2025	71032.9625	-0.385237794	10
9/24/2025	71540.81612	0.714954852	10
9/25/2025	71717.38575	0.246809652	10
9/26/2025	73118.41757	1.953545575	10
9/29/2025	74763.53295	2.249932959	10
9/30/2025	75588.3161	1.103189102	10
10/1/2025	75626.55055	0.050582489	10
10/3/2025	75403.63153	-0.294762903	10
10/6/2025	74751.87195	-0.864361003	10
10/7/2025	75488.67821	0.985669318	10
10/8/2025	75573.52247	0.112393353	10
10/9/2025	73834.97499	-2.300471673	10
10/10/2025	74290.19346	0.616535013	10
10/13/2025	75130.78876	1.131502371	10
10/14/2025	74855.78365	-0.366035172	10
10/15/2025	73990.94313	-1.155342288	10
10/16/2025	73278.34365	-0.96309014	10
10/17/2025	73848.80246	0.778482126	10
10/20/2025	73782.19333	-0.090196633	10
10/21/2025	74361.38921	0.785007686	6
10/23/2025	74784.59247	0.569116934	10
10/24/2025	74447.45062	-0.450817268	10
10/27/2025	73504.17429	-1.267036441	10
10/28/2025	73684.12127	0.244811919	10
10/29/2025	72503.2701	-1.602585664	10
10/30/2025	73481.75222	1.349569639	10
10/31/2025	73538.73904	0.077552343	10
11/3/2025	74202.488	0.902584089	10
11/4/2025	73514.68776	-0.926923422	10
11/6/2025	73645.11765	0.177420182	8
11/7/2025	73754.72228	0.148828102	10
11/10/2025	74156.06341	0.544156515	10
11/11/2025	75916.69723	2.374227733	10
11/12/2025	76061.20847	0.190355004	10
11/13/2025	77258.13105	1.57363077	10
11/14/2025	77875.97017	0.79970757	10
11/17/2025	77559.9589	-0.4057879	10
11/18/2025	78240.71907	0.877721158	10
11/19/2025	78141.95609	-0.126229654	10
11/20/2025	79496.60781	1.733577954	10
11/21/2025	80395.46513	1.130686387	10
11/24/2025	80627.20444	0.28824923	10
11/25/2025	82179.42287	1.925179528	10
11/26/2025	82576.70124	0.483428028	10
11/27/2025	82795.65936	0.265157262	10
11/28/2025	82189.67089	-0.731908501	10
12/1/2025	81680.35455	-0.61968412	10
12/2/2025	82119.14576	0.537205318	10
12/3/2025	81868.75694	-0.304909189	10
12/4/2025	82321.33895	0.552814074	10
12/5/2025	82075.73959	-0.298342275	10
12/8/2025	82380.78146	0.371658996	10
12/9/2025	82781.90677	0.486916125	10
12/10/2025	84990.93589	2.668492678	10
12/11/2025	83745.78861	-1.465035377	10
12/12/2025	84071.00268	0.388334826	10
12/15/2025	84136.19969	0.077549944	10
12/16/2025	83745.04256	-0.464909435	10
12/17/2025	84100.97225	0.42501583	10
12/18/2025	84795.22761	0.825502178	10
12/19/2025	85343.68579	0.646803124	10
12/22/2025	85776.11463	0.506691083	10
12/23/2025	86743.32654	1.127600512	10
12/24/2025	87276.15777	0.614261924	10
12/26/2025	88115.11692	0.961269575	5
12/29/2025	88497.45148	0.433903487	10
12/30/2025	88677.25028	0.203168336	10
12/31/2025	88776.68995	0.11213662	10
